hypothesis_id,hypothesis,related_claim_ids,test,pass_threshold,revise_threshold,kill_threshold,status,result,decision_id
H-001,"营销活动优先的首页比工具列表更能让目标用户完成首次创作",C-024,"对 8-12 名目标用户做可点击原型任务测试，对比活动流与工具流","活动流首次任务完成率高至少 20 个百分点且中位决策时间低至少 25%","差异不足 20 个百分点但用户能解释活动对象价值","活动流完成率更低或多数用户坚持按工具进入",untested,,D-005
H-002,"结构化 IP 大脑能显著提高跨内容的人设一致性",C-019,"同一选题生成 5 条内容，盲评有/无 IP 上下文的一致性","至少 70% 盲评者偏好结构化上下文版本且人工改写时间下降 30%","偏好率 55%-69% 或改写时间仅下降 10%-29%","偏好率不超过 55% 且改写时间不下降",untested,,D-005
H-003,"自有能力网关可在不改业务流程的情况下切换云端与本地文本模型",C-010;C-011;C-012,"同一 text.generate 合同接 New API、Ollama/vLLM，跑 100 组结构化输出回归","合同通过率至少 98%，切换不改业务代码，失败可回退","通过率 90%-97% 或需要供应商特例","通过率低于 90% 或业务层必须依赖供应商字段",revised,"用户澄清本地执行重点是数字人视频，不再以本地文本模型作为当前验证范围",D-004
H-004,"Duix 首版完整链路可支持日常生产而非技术演示",C-014;C-025,"让 10 个真实项目从授权素材到可发布成片，记录耗时、成功率和返工","端到端成功率至少 90%，中位人工操作低于 15 分钟，单条最多 1 次返工","成功率 75%-89% 或中位操作 15-30 分钟","成功率低于 75% 或多数成片不可发布",untested,,D-002
H-005,"统一任务/成本/退款账本能把主要售后问题变成可自助处理",C-020;C-022,"灰度 30 天，对比上线前后任务相关人工工单","任务/扣费类人工工单下降至少 40%，无新增资金不一致事故","下降 15%-39% 或出现可补偿的小额差异","工单不降或出现不可解释的扣费/退款差异",untested,,D-003
H-006,"官方发布优先＋受控手动交付比浏览器自动化更适合首版",C-015;C-016,"抖音官方 API 实装，小红书/视频号采用导出包和发布清单，观察 30 个发布任务","至少 90% 任务可完成，账号风控事故为 0，人工发布中位低于 3 分钟","完成率 75%-89% 或人工 3-6 分钟","完成率低于 75% 或发生账号风控事故",untested,,D-006
H-007,"统一数字人编排合同可同时承载 Duix 与 OpenTalking 的本地/自托管/云执行路径",C-026;C-027;C-032,"用同一组 10 个形象/音频/脚本，通过两个 Adapter 跑视频创建与可用的克隆路径","业务对象和前端零修改；状态映射完整；至少一条回退链通过；产物元数据无丢失","需要少量 Provider 扩展字段但不侵入 Project/Deliverable","业务层必须按引擎分叉或失败/成本/产物无法统一追踪",untested,,D-008;D-010
H-008,"轻语 IP 全功能等价可通过三阶段建设实现而不牺牲生产可靠性",C-021;C-022;C-033,"建立功能等价矩阵，每阶段用真实项目验收，不以页面数量计完成","Phase 1 核心链端到端成功率至少 90%，每项完成能力都有产物/状态/成本/恢复证据","功能完成但部分能力仍需人工介入或供应商限制","大量页面存在但核心链成功率低于 75% 或任务/账本不可解释",untested,,D-009
H-009,"New API 作为可选云模型中继时可以被直连 Provider 替换而不损失业务事实",C-010;C-030,"让 text.generate 和 image.generate 分别经 New API 与直连云 Provider 跑合同回归并执行一次停用切换","业务流程和历史数据不变；合同通过率至少 98%；路由/成本日志完整","需要 Provider 扩展字段但不侵入 Campaign/Project/Deliverable","业务用户、账本或历史任务依赖 New API 数据库才能工作",untested,,D-004
